,,,,,,,,,,,,,,
50,1,1556780,1144750,412021,136238,275783,10891,10128,92.9942,1143870,412909,868087,0.758903546731709,70.5736282054779
50,2,1556780,1116050,440729,185857,254872,10891,9607,88.2104,1143870,412909,888998,0.777184470263229,68.5557529957076
50,3,1556780,1092300,464479,223297,241182,10891,9122,83.7572,1143870,412909,902688,0.789152613496289,66.0972132791314
50,4,1556780,1073970,482805,251604,231201,10891,8782,80.6354,1143870,412909,912669,0.797878255396155,64.3372322751711
50,5,1556780,1063830,492944,272041,220903,10891,8362,76.779,1143870,412909,922967,0.806881026690096,61.9515183482389
50,6,1556780,1055840,500932,288157,212775,10891,8078,74.1713,1143870,412909,931095,0.813986729261192,60.3744538920507
50,7,1556780,1053120,503657,299732,203925,10891,7695,70.6547,1143870,412909,939945,0.821723622439613,58.0586360263841
50,8,1556780,1050330,506447,309626,196821,10891,7440,68.3133,1143870,412909,947049,0.827934118387579,56.5589118096462
50,9,1556780,1050920,505860,316910,188950,10891,7119,65.3659,1143870,412909,954920,0.834815145077675,54.5684432916328
50,10,1556780,1050710,506065,323671,182394,10891,6861,62.997,1143870,412909,961476,0.840546565606232,52.9519119934958
50,11,1556780,1052880,503893,328791,175102,10891,6569,60.3159,1143870,412909,968768,0.846921415895163,51.0828274289911
50,12,1556780,1054020,502752,333702,169050,10891,6358,58.3785,1143870,412909,974820,0.852212226913898,49.750871488893
50,13,1556780,1057340,499436,337251,162185,10891,6105,56.0555,1143870,412909,981685,0.858213783034785,48.1076027149064
50,14,1556780,1059200,497579,341043,156536,10891,5940,54.5404,1143870,412909,987334,0.863152281290706,47.0766706825076
51,1,1556780,1156810,399964,140456,259508,10891,10059,92.3607,1143870,412909,884362,0.773131562153042,71.4069722725485
51,2,1556780,1129580,427200,190645,236555,10891,9514,87.3565,1143870,412909,907315,0.793197653579515,69.2909708249189
51,3,1556780,1109350,447425,227945,219480,10891,8990,82.5452,1143870,412909,924390,0.808125049175168,66.7068438091741
51,4,1556780,1093900,462876,255861,207015,10891,8643,79.3591,1143870,412909,936855,0.8190222665163,64.9968699506937
51,5,1556780,1085780,471000,275716,195284,10891,8214,75.4201,1143870,412909,948586,0.829277802547492,62.5442147959121
51,6,1556780,1079550,477224,291265,185959,10891,7904,72.5737,1143870,412909,957911,0.837429952704416,60.7753901585845
51,7,1556780,1078150,478627,302398,176229,10891,7503,68.8917,1143870,412909,967641,0.845936164074589,58.2779804345774
51,8,1556780,1076500,480274,311936,168338,10891,7222,66.3116,1143870,412909,975532,0.852834675269043,56.5528318525707
51,9,1556780,1077840,478933,319017,159916,10891,6882,63.1898,1143870,412909,983954,0.860197400054202,54.355701669945
51,10,1556780,1078090,478681,325663,153018,10891,6611,60.7015,1143870,412909,990852,0.86622780560728,52.5813271420703
51,11,1556780,1080680,476099,330669,145430,10891,6326,58.0847,1143870,412909,998440,0.87286142656071,50.6998941033509
51,12,1556780,1082100,474678,335452,139226,10891,6113,56.1289,1143870,412909,1004644,0.878285119812566,49.2971776614475
51,13,1556780,1085500,471270,338908,132362,10891,5869,53.8885,1143870,412909,1011508,0.884285801708236,47.6528354253543
51,14,1556780,1087450,469321,342592,126729,10891,5694,52.2817,1143870,412909,1017141,0.88921031236067,46.4894267877469
52,1,1556780,1172080,384700,144591,240109,10891,9998,91.8006,1143870,412909,903761,0.790090657155096,72.5307963812321
52,2,1556780,1147860,408914,195328,213586,10891,9425,86.5393,1143870,412909,930284,0.813277732609475,70.3804856856111
52,3,1556780,1130560,426210,232429,193781,10891,8889,81.6178,1143870,412909,950089,0.830591763049997,67.7910723982621
52,4,1556780,1117090,439681,259800,179881,10891,8525,78.2756,1143870,412909,963989,0.842743493578816,65.9662526059779
52,5,1556780,1110730,446042,279038,167004,10891,8068,74.0795,1143870,412909,976866,0.854000891709722,63.2639590574104
52,6,1556780,1105550,451227,294162,157065,10891,7753,71.1872,1143870,412909,986805,0.862689816150437,61.4124724802644
52,7,1556780,1104870,451905,304940,146965,10891,7325,67.2574,1143870,412909,996905,0.871519490851233,58.6161350039777
52,8,1556780,1103600,453170,314206,138964,10891,7045,64.6864,1143870,412909,1004906,0.878514166819656,56.827918800563
52,9,1556780,1105080,451696,321100,130596,10891,6687,61.3993,1143870,412909,1013274,0.885829683443049,54.3893224826248
52,10,1556780,1105200,451578,327591,123987,10891,6410,58.8559,1143870,412909,1019883,0.891607437908154,52.4763582047785
52,11,1556780,1107450,449328,332440,116888,10891,6125,56.2391,1143870,412909,1026982,0.89781356273003,50.4922267357305
52,12,1556780,1108510,448267,337168,111099,10891,5916,54.3201,1143870,412909,1032771,0.902874452516457,49.0442305481392
52,13,1556780,1111510,445265,340560,104705,10891,5676,52.1164,1143870,412909,1039165,0.908464248559714,47.3458861636375
52,14,1556780,1113000,443779,344233,99546,10891,5512,50.6106,1143870,412909,1044324,0.912974376458863,46.206180977209
53,1,1556780,1190340,366435,148860,217575,10891,9917,91.0568,1143870,412909,926295,0.809790448215269,73.7369268850481
53,2,1556780,1169530,387247,200018,187229,10891,9321,85.5844,1143870,412909,956641,0.836319686677682,71.5759185924974
53,3,1556780,1154420,402358,236924,165434,10891,8779,80.6078,1143870,412909,978436,0.855373425301826,68.9497699920446
53,4,1556780,1142110,414668,263771,150897,10891,8420,77.3115,1143870,412909,992973,0.868082037294448,67.1127244262897
53,5,1556780,1136220,420550,282495,138055,10891,7954,73.0328,1143870,412909,1005815,0.879308837542728,64.2183864704905
53,6,1556780,1131300,425473,297070,128403,10891,7627,70.0303,1143870,412909,1015467,0.887746859345905,62.1691788840515
53,7,1556780,1130320,426452,307481,118971,10891,7199,66.1004,1143870,412909,1024899,0.895992551601143,59.2254660578562
53,8,1556780,1128560,428218,316470,111748,10891,6912,63.4652,1143870,412909,1032122,0.90230708035004,57.2650993158314
53,9,1556780,1129290,427481,323198,104283,10891,6567,60.2975,1143870,412909,1039587,0.908833171601668,54.8003681646516
53,10,1556780,1128780,427992,329501,98491,10891,6295,57.8,1143870,412909,1045379,0.913896684063749,52.8232283388847
53,11,1556780,1130390,426388,334185,92203,10891,6006,55.1465,1143870,412909,1051667,0.919393812233908,50.7013508663572
53,12,1556780,1130780,425997,338746,87251,10891,5793,53.1907,1143870,412909,1056619,0.923722975512952,49.1334716736168
53,13,1556780,1133050,423728,341999,81729,10891,5559,51.0421,1143870,412909,1062141,0.928550447166199,47.3951647793018
53,14,1556780,1133780,422990,345509,77481,10891,5391,49.4996,1143870,412909,1066389,0.932264155891841,46.1467028109838
54,1,1556780,1211910,344863,153155,191708,10891,9832,90.2764,1143870,412909,952162,0.832404031926705,75.146439347828
54,2,1556780,1192760,364017,204910,159107,10891,9220,84.6571,1143870,412909,984763,0.860904648255484,72.8816908978293
54,3,1556780,1177810,378961,241569,137392,10891,8642,79.3499,1143870,412909,1006478,0.879888448862196,69.8190604283704
54,4,1556780,1165290,391484,267988,123496,10891,8270,75.9343,1143870,412909,1020374,0.892036682490143,67.7361810592113
54,5,1556780,1158880,397897,286329,111568,10891,7753,71.1872,1143870,412909,1032302,0.902464440889262,64.2439166464721
54,6,1556780,1153280,403493,300516,102977,10891,7413,68.0654,1143870,412909,1040893,0.909974909736246,61.9378062211615
54,7,1556780,1151520,405260,310636,94624,10891,6979,64.0804,1143870,412909,1049246,0.91727731298137,58.7794971267714
54,8,1556780,1148860,407913,319435,88478,10891,6681,61.3442,1143870,412909,1055392,0.922650301170587,56.5992446050688
54,9,1556780,1148700,408077,325997,82080,10891,6298,57.8276,1143870,412909,1061790,0.928243594114716,53.6780992630281
54,10,1556780,1147390,409384,332155,77229,10891,6027,55.3393,1143870,412909,1066641,0.932484460646752,51.6030373130688
54,11,1556780,1148300,408475,336668,71807,10891,5739,52.6949,1143870,412909,1072063,0.937224509778209,49.3869518203117
54,12,1556780,1148000,408774,341112,67662,10891,5531,50.7851,1143870,412909,1076208,0.940848173306407,47.7810685661832
54,13,1556780,1149520,407252,344297,62955,10891,5322,48.866,1143870,412909,1080915,0.944963151407065,46.1765693566577
54,14,1556780,1149620,407151,347751,59400,10891,5164,47.4153,1143870,412909,1084470,0.948071022056702,44.9530719321252
55,1,1556780,1235190,321584,157628,163956,10891,9728,89.3215,1143870,412909,979914,0.856665530173883,76.5186501534265
55,2,1556780,1214990,341785,209844,131941,10891,9101,83.5644,1143870,412909,1011929,0.884653850524972,73.925568226809
55,3,1556780,1198080,358696,246326,112370,10891,8494,77.991,1143870,412909,1031500,0.901763312264506,70.3294224868211
55,4,1556780,1183480,373298,272362,100936,10891,8119,74.5478,1143870,412909,1042934,0.911759203405981,67.9696427436684
55,5,1556780,1175180,381600,290300,91300,10891,7562,69.4335,1143870,412909,1052570,0.920183237605672,63.8915428282934
55,6,1556780,1168020,388751,304157,84594,10891,7215,66.2474,1143870,412909,1059276,0.926045791916914,61.3481259954365
55,7,1556780,1164770,392009,314063,77946,10891,6799,62.4277,1143870,412909,1065924,0.931857641165517,58.1737292653886
55,8,1556780,1160940,395839,322707,73132,10891,6506,59.7374,1143870,412909,1070738,0.936066161364491,55.9181587078951
55,9,1556780,1159840,396940,329082,67858,10891,6160,56.5605,1143870,412909,1076012,0.940676825163699,53.2051515696714
55,10,1556780,1157800,398977,335038,63939,10891,5907,54.2374,1143870,412909,1079931,0.944102913792651,51.2056873765375
55,11,1556780,1158040,398737,339361,59376,10891,5636,51.7492,1143870,412909,1084494,0.948092003461932,49.0630027055522
55,12,1556780,1157160,399617,343647,55970,10891,5409,49.6649,1143870,412909,1087900,0.951069614554101,47.234777299868
55,13,1556780,1158140,398633,346670,51963,10891,5178,47.5438,1143870,412909,1091907,0.954572635002229,45.384010444019
55,14,1556780,1157700,399077,349957,49120,10891,5007,45.9737,1143870,412909,1094750,0.957058057296721,43.9995000087423
56,1,1556780,1256130,300648,162237,138411,10891,9634,88.4584,1143870,412909,1005459,0.878997613365155,77.7547224821002
56,2,1556780,1231630,325146,215100,110046,10891,8984,82.4901,1143870,412909,1033824,0.903795011670907,74.5541408922343
56,3,1556780,1211350,345429,251350,94079,10891,8342,76.5954,1143870,412909,1049791,0.917753765725126,70.2957167872223
56,4,1556780,1194680,362093,276972,85121,10891,7936,72.8675,1143870,412909,1058749,0.92558507522708,67.4450704691093
56,5,1556780,1184950,371827,294449,77378,10891,7362,67.5971,1143870,412909,1066492,0.932354201089285,63.0244401664525
56,6,1556780,1176790,379989,307873,72116,10891,7006,64.3283,1143870,412909,1071754,0.936954374185878,60.2726820689414
56,7,1556780,1172690,384089,317546,66543,10891,6566,60.2883,1143870,412909,1077327,0.941826431325238,56.7811144396653
56,8,1556780,1168200,388576,326018,62558,10891,6260,57.4787,1143870,412909,1081312,0.945310218818572,54.3352024744071
56,9,1556780,1166560,390215,332271,57944,10891,5860,53.8059,1143870,412909,1085926,0.949343893973965,51.0803026247738
56,10,1556780,1164120,392657,338114,54543,10891,5597,51.3911,1143870,412909,1089327,0.952317133940046,48.9406250620263
56,11,1556780,1164020,392751,342326,50425,10891,5276,48.4437,1143870,412909,1093445,0.95591719338736,46.3081657412993
56,12,1556780,1162680,394100,346590,47510,10891,5041,46.2859,1143870,412909,1096360,0.958465559897541,44.3634410588616
56,13,1556780,1163300,393475,349536,43939,10891,4773,43.8252,1143870,412909,1099931,0.961587418150664,42.1417609179365
56,14,1556780,1162370,394407,352849,41558,10891,4608,42.3102,1143870,412909,1102312,0.963668948394485,40.7730259403604
57,1,1556780,1272760,284020,167043,116977,10891,9542,87.6136,1143870,412909,1026893,0.897735756685637,78.6538614919528
57,2,1556780,1242360,314412,220366,94046,10891,8860,81.3516,1143870,412909,1049824,0.917782615157317,74.663084195232
57,3,1556780,1219110,337666,256209,81457,10891,8185,75.1538,1143870,412909,1062413,0.928788236425468,69.8019653626723
57,4,1556780,1201200,355571,281272,74299,10891,7749,71.1505,1143870,412909,1069571,0.935045940535201,66.5289861920498
57,5,1556780,1190900,365880,298214,67666,10891,7168,65.8158,1143870,412909,1076204,0.940844676405536,61.9224450533715
57,6,1556780,1182490,374287,311177,63110,10891,6794,62.3818,1143870,412909,1080760,0.944827646498291,58.9400492783271
57,7,1556780,1178100,378676,320526,58150,10891,6319,58.0204,1143870,412909,1085720,0.949163803579078,55.0708635491795
57,8,1556780,1173420,383357,328737,54620,10891,6005,55.1373,1143870,412909,1089250,0.952249818598267,52.5044839229983
57,9,1556780,1171480,385300,334829,50471,10891,5590,51.3268,1143870,412909,1093399,0.955876979027337,49.0621065271403
57,10,1556780,1168750,388029,340532,47497,10891,5332,48.9579,1143870,412909,1096373,0.958476924825373,46.9250174379082
57,11,1556780,1168360,388410,344559,43851,10891,4997,45.8819,1143870,412909,1100019,0.961664349969839,44.1229875388812
57,12,1556780,1166730,390046,348649,41397,10891,4773,43.8252,1143870,412909,1102473,0.963809698654567,42.2391528054761
57,13,1556780,1167040,389736,351456,38280,10891,4515,41.4562,1143870,412909,1105590,0.966534658658764,40.0688541162894
57,14,1556780,1165890,390887,354626,36261,10891,4355,39.9871,1143870,412909,1107609,0.968299719373705,38.7194977085683
58,1,1556780,1284430,272348,171983,100365,10891,9434,86.622,1143870,412909,1043505,0.912258386005403,79.02164591256
58,2,1556780,1248670,308103,225703,82400,10891,8750,80.3416,1143870,412909,1061470,0.927963842044988,74.5540998120416
58,3,1556780,1223670,333104,261187,71917,10891,8034,73.7673,1143870,412909,1071953,0.93712834500424,69.1294277644313
58,4,1556780,1205310,351463,285604,65859,10891,7568,69.4886,1143870,412909,1078011,0.942424401374282,65.4877522573369
58,5,1556780,1194700,362073,301971,60102,10891,6987,64.1539,1143870,412909,1083768,0.947457315953736,60.7830819019644
58,6,1556780,1186060,370719,314529,56190,10891,6610,60.6923,1143870,412909,1087680,0.950877285006163,57.7109294447796
58,7,1556780,1181600,375179,323527,51652,10891,6128,56.2666,1143870,412909,1092218,0.954844519044996,53.7258546152972
58,8,1556780,1176940,379835,331423,48412,10891,5816,53.4019,1143870,412909,1095458,0.957677008750994,51.1417718536197
58,9,1556780,1175100,381674,337208,44466,10891,5387,49.4629,1143870,412909,1099404,0.96112670146083,47.5401139216869
58,10,1556780,1172420,384357,342638,41719,10891,5130,47.1031,1143870,412909,1102151,0.963528198134403,45.3851650695446
58,11,1556780,1172000,384776,346426,38350,10891,4790,43.9813,1143870,412909,1105520,0.966473462893511,42.5067593135584
58,12,1556780,1170300,386480,350310,36170,10891,4583,42.0806,1143870,412909,1107700,0.968379273868534,40.7499808719522
58,13,1556780,1170530,386244,352974,33270,10891,4321,39.675,1143870,412909,1110600,0.970914527000446,38.5210338587427
58,14,1556780,1169260,387510,356067,31443,10891,4176,38.3436,1143870,412909,1112427,0.97251173647355,37.2896010186472
59,1,1556780,1291560,265217,177145,88072,10891,9313,85.511,1143870,412909,1055798,0.923005236609055,78.9271007876769
59,2,1556780,1251490,305281,231394,73887,10891,8587,78.8449,1143870,412909,1069983,0.935406121324976,73.7520020952556
59,3,1556780,1225430,331346,266356,64990,10891,7803,71.6463,1143870,412909,1078880,0.943184103088638,67.5756512051195
59,4,1556780,1207050,349721,289981,59740,10891,7313,67.1472,1143870,412909,1084130,0.947773785482616,63.6403559285583
59,5,1556780,1196640,360136,305701,54435,10891,6727,61.7666,1143870,412909,1089435,0.952411550263579,58.8272232605104
59,6,1556780,1188210,368565,317773,50792,10891,6352,58.3234,1143870,412909,1093078,0.955596352732391,55.7336283189523
59,7,1556780,1183800,372979,326411,46568,10891,5913,54.2925,1143870,412909,1097302,0.959289080052803,52.0822023787668
59,8,1556780,1179210,377569,333955,43614,10891,5618,51.5839,1143870,412909,1100256,0.961871541346482,49.6170854016628
59,9,1556780,1177350,379421,339418,40003,10891,5214,47.8744,1143870,412909,1103867,0.965028368608321,46.2001541301022
59,10,1556780,1174640,382133,344579,37554,10891,4970,45.634,1143870,412909,1106316,0.967169346166959,44.135805942983
59,11,1556780,1174190,382581,348152,34429,10891,4614,42.3653,1143870,412909,1109441,0.969901299972899,41.0901595437419
59,12,1556780,1172450,384325,351870,32455,10891,4423,40.6115,1143870,412909,1111415,0.971627020553035,39.4592307451896
59,13,1556780,1172560,384217,354436,29781,10891,4155,38.1508,1143870,412909,1114089,0.973964698785701,37.1575324304335
59,14,1556780,1171240,385532,357424,28108,10891,4004,36.7643,1143870,412909,1115762,0.975427277575249,35.8609010609597
60,1,1556780,1295600,261179,182408,78771,10891,9199,84.4642,1143870,412909,1065099,0.931136405360749,78.6476915696714
60,2,1556780,1252580,304192,236773,67419,10891,8450,77.587,1143870,412909,1076451,0.941060610034357,73.0140695507357
60,3,1556780,1226120,330650,271120,59530,10891,7621,69.9752,1143870,412909,1084340,0.947957372778375,66.3335067516414
60,4,1556780,1208180,348598,293960,54638,10891,7109,65.2741,1143870,412909,1089232,0.952234082544345,62.1562227274078
60,5,1556780,1198160,358614,309007,49607,10891,6522,59.8843,1143870,412909,1094263,0.956632309615603,57.2872562187137
60,6,1556780,1190080,366690,320531,46159,10891,6160,56.5605,1143870,412909,1097711,0.959646638166925,54.2780936780403
60,7,1556780,1185820,370955,328806,42149,10891,5730,52.6122,1143870,412909,1101721,0.963152281290706,50.6735604537229
60,8,1556780,1181260,375513,336099,39414,10891,5456,50.0964,1143870,412909,1104456,0.965543287261664,48.3702427359752
60,9,1556780,1179420,377358,341335,36023,10891,5065,46.5063,1143870,412909,1107847,0.968507784975565,45.0417136004091
60,10,1556780,1176680,380095,346300,33795,10891,4832,44.3669,1143870,412909,1110075,0.970455558761048,43.0561047299956
60,11,1556780,1176200,380580,349699,30881,10891,4485,41.1808,1143870,412909,1112989,0.97300305104601,40.0690440445155
60,12,1556780,1174420,382356,353315,29041,10891,4295,39.4362,1143870,412909,1114829,0.974611625446948,38.4349789834509
60,13,1556780,1174460,382310,355789,26521,10891,4009,36.8102,1143870,412909,1117349,0.976814672996057,35.9567434759195
60,14,1556780,1173170,383604,358647,24957,10891,3851,35.3595,1143870,412909,1118913,0.978181961236854,34.5880250583545
61,1,1556780,1297180,259594,187876,71718,10891,9081,83.3808,1143870,412909,1072152,0.937302315822602,78.1530169351412
61,2,1556780,1252510,304265,242318,61947,10891,8264,75.8792,1143870,412909,1081923,0.945844370426709,71.7699141524824
61,3,1556780,1226270,330503,276113,54390,10891,7382,67.7807,1143870,412909,1089480,0.952450890398385,64.5577880668258
61,4,1556780,1208910,347863,298217,49646,10891,6815,62.5746,1143870,412909,1094224,0.956598214832105,59.858750653833
61,5,1556780,1199320,357452,312702,44750,10891,6178,56.7257,1143870,412909,1099120,0.960878421498946,54.5065010744228
61,6,1556780,1191520,365256,323787,41469,10891,5794,53.1999,1143870,412909,1102401,0.963746754438879,51.2712309614729
61,7,1556780,1187400,369377,331683,37694,10891,5350,49.1231,1143870,412909,1106176,0.967046954636453,47.504344257302
61,8,1556780,1183020,373757,338607,35150,10891,5078,46.6257,1143870,412909,1108720,0.969270983590793,45.1929380996092
61,9,1556780,1181250,375525,343566,31959,10891,4693,43.0906,1143870,412909,1111911,0.972060636261114,41.8866760528731
61,10,1556780,1178620,378160,348297,29863,10891,4482,41.1532,1143870,412909,1114007,0.973893012317833,40.0788139145183
61,11,1556780,1178120,378659,351539,27120,10891,4165,38.2426,1143870,412909,1116750,0.976291012090535,37.3359066589735
61,12,1556780,1176390,380385,355011,25374,10891,3967,36.4246,1143870,412909,1118496,0.977817409320989,35.6166080075533
61,13,1556780,1176430,380342,357375,22967,10891,3691,33.8904,1143870,412909,1120903,0.979921669420476,33.2099373453277
61,14,1556780,1175170,381604,360113,21491,10891,3523,32.3478,1143870,412909,1122379,0.981212025842097,31.740050369535
62,1,1556780,1297140,259636,193404,66232,10891,8938,82.0678,1143870,412909,1077638,0.942098315368005,77.3159361259584
62,2,1556780,1251850,304928,247762,57166,10891,8049,73.9051,1143870,412909,1086704,0.950024041193492,70.2116217668092
62,3,1556780,1226260,330519,280645,49874,10891,7159,65.7332,1143870,412909,1093996,0.956398891482424,62.8671596135925
62,4,1556780,1209640,347137,301814,45323,10891,6622,60.8025,1143870,412909,1098547,0.960377490449089,58.3933523630308
62,5,1556780,1200440,356334,315603,40731,10891,6016,55.2383,1143870,412909,1103139,0.964391932649689,53.2713708932833
62,6,1556780,1192840,363933,326243,37690,10891,5652,51.8961,1143870,412909,1106180,0.967050451537325,50.1861469380262
62,7,1556780,1188880,367900,333783,34117,10891,5195,47.6999,1143870,412909,1109753,0.970174058240884,46.2772055606843
62,8,1556780,1184570,372207,340448,31759,10891,4926,45.23,1143870,412909,1112111,0.972235481304694,43.9742108194113
62,9,1556780,1182740,374031,345234,28797,10891,4557,41.8419,1143870,412909,1115073,0.974824936400115,40.78852750636
62,10,1556780,1180010,376763,349843,26920,10891,4354,39.978,1143870,412909,1116950,0.976465857134115,39.0371520365076
62,11,1556780,1179400,377374,352976,24398,10891,4038,37.0765,1143870,412909,1119472,0.97867065313366,36.2856824709102
62,12,1556780,1177650,379128,356297,22831,10891,3854,35.387,1143870,412909,1121039,0.980040564050111,34.6806954400413
62,13,1556780,1177630,379148,358526,20622,10891,3573,32.8069,1143870,412909,1123248,0.981971727556453,32.2154482687718
62,14,1556780,1176330,380444,361166,19278,10891,3411,31.3194,1143870,412909,1124592,0.983146686249312,30.7915643253167
63,1,1556780,1296430,260348,199101,61247,10891,8765,80.4793,1143870,412909,1082623,0.94645632807924,76.1701427643876
63,2,1556780,1250920,305858,253247,52611,10891,7802,71.6371,1143870,412909,1091259,0.95400613706103,68.3422330412547
63,3,1556780,1226000,330777,285156,45621,10891,6882,63.1898,1143870,412909,1098249,0.960116971334155,60.669599395211
63,4,1556780,1209960,346813,305460,41353,10891,6317,58.002,1143870,412909,1102517,0.963848164564155,55.9051212410501
63,5,1556780,1201060,355714,318621,37093,10891,5726,52.5755,1143870,412909,1106777,0.967572363992412,50.870600823083
63,6,1556780,1193650,363121,328855,34266,10891,5373,49.3343,1143870,412909,1109604,0.970043798683417,47.8564317773873
63,7,1556780,1189730,367047,336112,30935,10891,4938,45.3402,1143870,412909,1112935,0.972955842884244,44.1140125075402
63,8,1556780,1185540,371238,342510,28728,10891,4688,43.0447,1143870,412909,1115142,0.974885257940151,41.9636434624564
63,9,1556780,1183620,373156,347175,25981,10891,4309,39.5648,1143870,412909,1117889,0.977286754613724,38.666154988941
63,10,1556780,1180980,375795,351611,24184,10891,4085,37.508,1143870,412909,1119686,0.978857737330291,36.7149960117846
63,11,1556780,1180290,376488,354652,21836,10891,3780,34.7076,1143870,412909,1122034,0.980910418141922,34.0450464287026
63,12,1556780,1178510,378264,357860,20404,10891,3600,33.0548,1143870,412909,1123466,0.982162308653956,32.4651786800948
63,13,1556780,1178300,378478,360076,18402,10891,3387,31.0991,1143870,412909,1125468,0.983912507540193,30.5987934632432
63,14,1556780,1176960,379814,362616,17198,10891,3219,29.5565,1143870,412909,1126672,0.984965074702545,29.1121202304458
64,1,1556780,1295280,261497,204878,56619,10891,8571,78.698,1143870,412909,1087251,0.950502242387684,74.8026254714259
64,2,1556780,1249970,306809,258425,48384,10891,7534,69.1764,1143870,412909,1095486,0.957701487057096,66.2503411492565
64,3,1556780,1225680,331093,289353,41740,10891,6566,60.2883,1143870,412909,1102130,0.963509839404827,58.0883702509901
64,4,1556780,1210090,346682,308969,37713,10891,5989,54.9904,1143870,412909,1106157,0.967030344357313,53.1773854483464
64,5,1556780,1201420,355355,321695,33660,10891,5418,49.7475,1143870,412909,1110210,0.970573579165465,48.2836091295339
64,6,1556780,1194180,362596,331601,30995,10891,5049,46.3594,1143870,412909,1112875,0.97290338937117,45.1032173892138
64,7,1556780,1190280,366493,338644,27849,10891,4629,42.503,1143870,412909,1116021,0.975653701906685,41.4682092921398
64,8,1556780,1186130,370641,344854,25787,10891,4393,40.3361,1143870,412909,1118083,0.977456354305996,39.4267772529221
64,9,1556780,1184150,372625,349371,23254,10891,4054,37.2234,1143870,412909,1120616,0.979670766782939,36.466676820268
64,10,1556780,1181490,375287,353619,21668,10891,3841,35.2677,1143870,412909,1122202,0.981057287978529,34.5996341152404
64,11,1556780,1180700,376075,356529,19546,10891,3593,32.9905,1143870,412909,1124324,0.982912393890914,32.4267713306582
64,12,1556780,1178900,377879,359596,18283,10891,3424,31.4388,1143870,412909,1125587,0.984016540341123,30.9362992084765
64,13,1556780,1178660,378119,361671,16448,10891,3225,29.6116,1143870,412909,1127422,0.98562074361597,29.1858072116587
64,14,1556780,1177320,379456,364075,15381,10891,3068,28.17,1143870,412909,1128489,0.98655354192347,27.7912132759842
65,1,1556780,1293430,263341,210962,52379,10891,8345,76.6229,1143870,412909,1091491,0.954208957311583,73.1142575151897
65,2,1556780,1248490,308288,263743,44545,10891,7257,66.633,1143870,412909,1099325,0.961057637668616,64.0381535707729
65,3,1556780,1225000,331779,293552,38227,10891,6276,57.6256,1143870,412909,1105643,0.966580992595312,55.6998096469004
65,4,1556780,1209960,346813,312339,34474,10891,5759,52.8785,1143870,412909,1109396,0.969861959838094,51.2848456432986
65,5,1556780,1201570,355203,324520,30683,10891,5224,47.9662,1143870,412909,1113187,0.973176147639155,46.6795617328892
65,6,1556780,1194510,362263,333991,28272,10891,4875,44.7617,1143870,412909,1115598,0.975283904639513,43.6553655543025
65,7,1556780,1190620,366158,340731,25427,10891,4491,41.2359,1143870,412909,1118443,0.97777107538444,40.3192702874452
65,8,1556780,1186470,370305,346667,23638,10891,4252,39.0414,1143870,412909,1120232,0.979335064299265,38.2346119793333
65,9,1556780,1184520,372254,350932,21322,10891,3924,36.0297,1143870,412909,1122548,0.981359769903923,35.3580981017074
65,10,1556780,1181910,374861,354965,19896,10891,3727,34.2209,1143870,412909,1123974,0.982606415064649,33.6256758692858
65,11,1556780,1181180,375592,357681,17911,10891,3482,31.9714,1143870,412909,1125959,0.984341752122182,31.4707838937991
65,12,1556780,1179440,377330,360577,16753,10891,3331,30.5849,1143870,412909,1127117,0.985354104924511,30.1369567637057
65,13,1556780,1179270,377508,362513,14995,10891,3135,28.7852,1143870,412909,1128875,0.98689099285758,28.407854607604
65,14,1556780,1177990,378781,364792,13989,10891,2992,27.4722,1143870,412909,1129881,0.987770463426788,27.1362277253534
66,1,1556780,1291360,265415,217004,48411,10891,8148,74.8141,1143870,412909,1095459,0.957677882976212,71.6478089047706
66,2,1556780,1246920,309854,268951,40903,10891,7027,64.5212,1143870,412909,1102967,0.96424156591221,62.2140229225349
66,3,1556780,1224300,332471,297653,34818,10891,6049,55.5413,1143870,412909,1109052,0.969561226363136,53.8506909418028
66,4,1556780,1210040,346733,315544,31189,10891,5531,50.7851,1143870,412909,1112681,0.972733789678897,49.4003827822218
66,5,1556780,1202080,354690,327107,27583,10891,5009,45.9921,1143870,412909,1116287,0.975886245814647,44.8830578061318
66,6,1556780,1195280,361497,336169,25328,10891,4690,43.0631,1143870,412909,1118542,0.977857623681013,42.1095806343378
66,7,1556780,1191450,365324,342663,22661,10891,4326,39.7209,1143870,412909,1121209,0.980189182337154,38.9339964926958
66,8,1556780,1187410,369366,348349,21017,10891,4084,37.4989,1143870,412909,1122853,0.981626408595382,36.8099105332774
66,9,1556780,1185460,371311,352451,18860,10891,3775,34.6616,1143870,412909,1125010,0.983512112390394,34.0901034348309
66,10,1556780,1182940,373833,356326,17507,10891,3567,32.7518,1143870,412909,1126363,0.984694939110213,32.2505317067499
66,11,1556780,1182170,374607,358984,15623,10891,3343,30.6951,1143870,412909,1128247,0.986341979420738,30.2758656925175
66,12,1556780,1180470,376302,361777,14525,10891,3182,29.2168,1143870,412909,1129345,0.987301878709993,28.8458015298941
66,13,1556780,1180230,376541,363683,12858,10891,2986,27.4171,1143870,412909,1131012,0.988759212148234,27.1089101953893
66,14,1556780,1178980,377797,365891,11906,10891,2843,26.1041,1143870,412909,1131964,0.989591474555675,25.8323948109488
67,1,1556780,1289060,267714,223101,44613,10891,7897,72.5094,1143870,412909,1099257,0.960998190353799,69.6814021836398
67,2,1556780,1245520,311257,273995,37262,10891,6770,62.1614,1143870,412909,1106608,0.967424619930586,60.1364687693532
67,3,1556780,1223820,332957,301538,31419,10891,5827,53.5029,1143870,412909,1112451,0.97253271787878,52.0333207513966
67,4,1556780,1210200,346577,318565,28012,10891,5303,48.6916,1143870,412909,1115858,0.975511203196167,47.4992013015465
67,5,1556780,1202560,354215,329608,24607,10891,4804,44.1098,1143870,412909,1119263,0.978487940063119,43.1609073385962
67,6,1556780,1195960,360813,338283,22530,10891,4481,41.1441,1143870,412909,1121340,0.980303705840699,40.3337137034803
67,7,1556780,1192140,364637,344599,20038,10891,4142,38.0314,1143870,412909,1123832,0.982482275083707,37.3651763966185
67,8,1556780,1188050,368728,350181,18547,10891,3902,35.8277,1143870,412909,1125323,0.983785744883597,35.246780531966
67,9,1556780,1186030,370748,354211,16537,10891,3645,33.468,1143870,412909,1127333,0.985542937571577,32.9841510346455
67,10,1556780,1183400,373371,358030,15341,10891,3456,31.7326,1143870,412909,1128529,0.986588510932186,31.3070185820067
67,11,1556780,1182500,374277,360645,13632,10891,3238,29.731,1143870,412909,1130238,0.988082561829578,29.3766826457552
67,12,1556780,1180710,376062,363365,12697,10891,3087,28.3445,1143870,412909,1131173,0.988899962408316,28.0298749844825
67,13,1556780,1180360,376411,365208,11203,10891,2887,26.5081,1143870,412909,1132667,0.990206054883859,26.2484811234668
67,14,1556780,1179050,377723,367335,10388,10891,2760,25.342,1143870,412909,1133482,0.990918548436448,25.1118578544765
68,1,1556780,1286680,270095,229184,40911,10891,7641,70.1588,1143870,412909,1102959,0.964234572110467,67.6495404977838
68,2,1556780,1244120,312659,278912,33747,10891,6528,59.9394,1143870,412909,1110123,0.970497521571507,58.1710391444832
68,3,1556780,1223300,333478,305277,28201,10891,5632,51.7124,1143870,412909,1115669,0.975345974629984,50.4374811784556
68,4,1556780,1210200,346573,321527,25046,10891,5136,47.1582,1143870,412909,1118824,0.978104155192461,46.1256313713971
68,5,1556780,1202810,353962,332069,21893,10891,4681,42.9804,1143870,412909,1121977,0.980860587304501,42.1577803865824
68,6,1556780,1196350,360421,340394,20027,10891,4355,39.9871,1143870,412909,1123843,0.982491891561104,39.287001517043
68,7,1556780,1192500,364271,346472,17799,10891,4021,36.9204,1143870,412909,1126071,0.984439665346586,36.3459062204621
68,8,1556780,1188370,368406,351860,16546,10891,3784,34.7443,1143870,412909,1127324,0.985535069544616,34.241726116779
68,9,1556780,1186290,370483,355715,14768,10891,3544,32.5406,1143870,412909,1129102,0.987089441982043,32.1204826957609
68,10,1556780,1183690,373084,359320,13764,10891,3352,30.7777,1143870,412909,1130106,0.987967164100816,30.4073569865457
68,11,1556780,1182820,373957,361754,12203,10891,3127,28.7118,1143870,412909,1131667,0.989331829665959,28.4054976270031
68,12,1556780,1181120,375653,364309,11344,10891,2978,27.3437,1143870,412909,1132526,0.990082789128135,27.072526761083
68,13,1556780,1180800,375978,366045,9933,10891,2791,25.6267,1143870,412909,1133937,0.991316320910593,25.4041659610795
68,14,1556780,1179570,377207,368029,9178,10891,2680,24.6075,1143870,412909,1134692,0.991976360950108,24.4100583020798
69,1,1556780,1284220,272552,235216,37336,10891,7398,67.9276,1143870,412909,1106534,0.967359927264462,65.7104381952495
69,2,1556780,1242880,313899,283498,30401,10891,6288,57.7357,1143870,412909,1113469,0.973422679150603,56.2012397766355
69,3,1556780,1223020,333755,308579,25176,10891,5396,49.5455,1143870,412909,1118694,0.977990505914134,48.4550286107687
69,4,1556780,1210220,346559,324165,22394,10891,4921,45.1841,1143870,412909,1121476,0.980422600470333,44.2995128219116
69,5,1556780,1202830,353941,334298,19643,10891,4507,41.3828,1143870,412909,1124227,0.982827594044778,40.6721577588362
69,6,1556780,1196410,360367,342299,18068,10891,4190,38.4721,1143870,412909,1125802,0.984204498762971,37.8644138968589
69,7,1556780,1192550,364225,348138,16087,10891,3902,35.8277,1143870,412909,1127783,0.985936338919633,35.3238313699109
69,8,1556780,1188560,368218,353279,14939,10891,3666,33.6608,1143870,412909,1128931,0.986939949469782,33.2211882511125
69,9,1556780,1186530,370244,356969,13275,10891,3420,31.4021,1143870,412909,1130595,0.988394660232369,31.0376679600829
69,10,1556780,1183990,372784,360441,12343,10891,3240,29.7493,1143870,412909,1131527,0.989209438135453,29.428288337923
69,11,1556780,1183100,373680,362791,10889,10891,3037,27.8854,1143870,412909,1132981,0.99048056160228,27.6199466525042
69,12,1556780,1181420,375357,365261,10096,10891,2901,26.6367,1143870,412909,1133774,0.991173822200075,26.4015997497967
69,13,1556780,1181010,375763,366974,8789,10891,2717,24.9472,1143870,412909,1135081,0.992316434559871,24.755516556252
69,14,1556780,1179760,377020,368907,8113,10891,2600,23.8729,1143870,412909,1135757,0.992907410807172,23.7035793274585
70,1,1556780,1281680,275097,241175,33922,10891,7147,65.623,1143870,412909,1109948,0.970344532158375,63.676919233829
70,2,1556780,1241470,315301,287815,27486,10891,6064,55.679,1143870,412909,1116384,0.975971045660783,54.3410918513467
70,3,1556780,1222360,334414,311675,22739,10891,5220,47.9295,1143870,412909,1121131,0.980120992770157,46.9767091229773
70,4,1556780,1209900,346871,326576,20295,10891,4787,43.9537,1143870,412909,1123575,0.982257599202707,43.173855838076
70,5,1556780,1202750,354022,336229,17793,10891,4388,40.2901,1143870,412909,1126077,0.984444910697894,39.6633838965092
70,6,1556780,1196400,360379,343954,16425,10891,4095,37.5999,1143870,412909,1127445,0.985640850795982,37.0599974258438
70,7,1556780,1192640,364136,349537,14599,10891,3817,35.0473,1143870,412909,1129271,0.987237186043869,34.5999978304353
70,8,1556780,1188710,368061,354495,13566,10891,3610,33.1466,1143870,412909,1130304,0.98814026069396,32.7534899651184
70,9,1556780,1186740,370040,358011,12029,10891,3350,30.7593,1143870,412909,1131841,0.989483944853873,30.4358335049437
70,10,1556780,1184210,372561,361352,11209,10891,3165,29.0607,1143870,412909,1132661,0.990200809532552,28.7759286655826
70,11,1556780,1183340,373431,363589,9842,10891,2950,27.0866,1143870,412909,1134028,0.991395875405422,26.8535435187565
70,12,1556780,1181670,375106,365977,9129,10891,2811,25.8103,1143870,412909,1134741,0.992019197985785,25.6043131057725
70,13,1556780,1181280,375494,367606,7888,10891,2599,23.8637,1143870,412909,1135982,0.9931041114812,23.6991385851539
70,14,1556780,1180020,376751,369488,7263,10891,2484,22.8078,1143870,412909,1136607,0.993650502242388,22.6629819250439
71,1,1556780,1278760,278012,247128,30884,10891,6936,63.6856,1143870,412909,1112986,0.973000428370357,61.9661160810232
71,2,1556780,1239740,317037,292086,24951,10891,5846,53.6773,1143870,412909,1118919,0.978187206588161,52.5064481441947
71,3,1556780,1221310,335463,314815,20648,10891,5033,46.2125,1143870,412909,1123222,0.981948997700788,45.3783180562477
71,4,1556780,1209140,347632,329146,18486,10891,4597,42.2092,1143870,412909,1125384,0.983839072621889,41.5270601841118
71,5,1556780,1202080,354691,338524,16167,10891,4207,38.6282,1143870,412909,1127703,0.9858664009022,38.0822445073304
71,6,1556780,1195810,360963,346089,14874,10891,3915,35.9471,1143870,412909,1128996,0.986996774108946,35.4796717385717
71,7,1556780,1192070,364708,351550,13158,10891,3629,33.3211,1143870,412909,1130712,0.988496944582863,32.9378055401401
71,8,1556780,1188210,368566,356397,12169,10891,3399,31.2093,1143870,412909,1131701,0.989361553323367,30.877281526135
71,9,1556780,1186240,370537,359840,10697,10891,3136,28.7944,1143870,412909,1133173,0.990648412844117,28.5251266587986
71,10,1556780,1183810,372967,363075,9892,10891,2951,27.0958,1143870,412909,1133978,0.991352164144527,26.8614799692273
71,11,1556780,1182920,373855,365268,8587,10891,2711,24.8921,1143870,412909,1135283,0.992493028053887,24.7052357036202
71,12,1556780,1181360,375411,367572,7839,10891,2571,23.6066,1143870,412909,1136031,0.993146948516877,23.4448227548585
71,13,1556780,1181000,375775,369148,6627,10891,2299,21.1092,1143870,412909,1137243,0.994206509480972,20.9869040499357
71,14,1556780,1179880,376896,370924,5972,10891,2166,19.888,1143870,412909,1137898,0.994779126998697,19.7841672777501
72,1,1556780,1275750,281024,252707,28317,10891,6727,61.7666,1143870,412909,1115553,0.975244564504708,60.2375409179365
72,2,1556780,1237860,318914,295957,22957,10891,5668,52.043,1143870,412909,1120913,0.979930411672655,50.99851841468
72,3,1556780,1219980,336798,317834,18964,10891,4876,44.7709,1143870,412909,1124906,0.983421192967732,44.028651888239
72,4,1556780,1208180,348595,331633,16962,10891,4434,40.7125,1143870,412909,1126908,0.985171391853969,40.1087902908547
72,5,1556780,1201330,355447,340682,14765,10891,4053,37.2142,1143870,412909,1129105,0.987092064657697,36.7338415125845
72,6,1556780,1195230,361549,348013,13536,10891,3765,34.5698,1143870,412909,1130334,0.988166487450497,34.1607178378662
72,7,1556780,1191580,365194,353327,11867,10891,3470,31.8612,1143870,412909,1132003,0.989625569339173,31.5306581898293
72,8,1556780,1187880,368895,357987,10908,10891,3224,29.6024,1143870,412909,1132962,0.99046395132314,29.3201100726481
72,9,1556780,1186010,370769,361263,9506,10891,2953,27.1141,1143870,412909,1134364,0.991689615078636,26.8887713922037
72,10,1556780,1183740,373037,364332,8705,10891,2759,25.3328,1143870,412909,1135165,0.992389869478175,25.1400140855167
72,11,1556780,1182850,373926,366463,7463,10891,2515,23.0925,1143870,412909,1136407,0.993475657198808,22.9418366138635
72,12,1556780,1181420,375360,368649,6711,10891,2363,21.6968,1143870,412909,1137159,0.994133074562669,21.5695064921713
72,13,1556780,1180980,375794,370205,5589,10891,2068,18.9882,1143870,412909,1138281,0.995113955257153,18.8954228052139
72,14,1556780,1179950,376829,371871,4958,10891,1935,17.767,1143870,412909,1138912,0.995665591369649,17.6899905618645
73,1,1556780,1272790,283984,257922,26062,10891,6509,59.7649,1143870,412909,1117808,0.977215942371074,58.403213074213
73,2,1556780,1236040,320731,299619,21112,10891,5461,50.1423,1143870,412909,1122758,0.981543357199682,49.2168414797136
73,3,1556780,1218730,338048,320618,17430,10891,4723,43.3661,1143870,412909,1126440,0.984762254451992,42.7052984027905
73,4,1556780,1207420,349359,333858,15501,10891,4305,39.5281,1143870,412909,1128369,0.986448634897322,38.9924402850848
73,5,1556780,1200810,355966,342578,13388,10891,3921,36.0022,1143870,412909,1130482,0.988295872782746,35.580825671099
73,6,1556780,1194920,361857,349636,12221,10891,3642,33.4405,1143870,412909,1131649,0.989316093612036,33.0832248284333
73,7,1556780,1191400,365373,354709,10664,10891,3343,30.6951,1143870,412909,1133206,0.990677262276308,30.4089376332975
73,8,1556780,1187840,368940,359155,9785,10891,3109,28.5465,1143870,412909,1134085,0.991445706242842,28.3023048532613
73,9,1556780,1186000,370776,362306,8470,10891,2791,25.6267,1143870,412909,1135400,0.992595312404382,25.4369422923934
73,10,1556780,1183850,372928,365233,7695,10891,2614,24.0015,1143870,412909,1136175,0.993272836948255,23.8400379960135
73,11,1556780,1182960,373820,367312,6508,10891,2309,21.201,1143870,412909,1137362,0.994310542281903,21.0803778069186
73,12,1556780,1181560,375214,369420,5794,10891,2171,19.9339,1143870,412909,1138076,0.994934739087484,19.832929595496
73,13,1556780,1181020,375759,370949,4810,10891,1839,16.8855,1143870,412909,1139060,0.995794976701898,16.8144960790999
73,14,1556780,1179970,376804,372570,4234,10891,1731,15.8939,1143870,412909,1139636,0.996298530427409,15.8350692127602
74,1,1556780,1269450,287326,263171,24155,10891,6329,58.1122,1143870,412909,1119715,0.97888308986161,56.8850498946559
74,2,1556780,1233850,322929,303335,19594,10891,5319,48.8385,1143870,412909,1124276,0.982870431080455,48.0019175483228
74,3,1556780,1217230,339541,323443,16098,10891,4619,42.4112,1143870,412909,1127772,0.985926722442236,41.8143354108421
74,4,1556780,1206400,350371,336089,14282,10891,4225,38.7935,1143870,412909,1129588,0.987514315437943,38.3091365959418
74,5,1556780,1200000,356770,344502,12268,10891,3845,35.3044,1143870,412909,1131602,0.989275005026795,34.925760487468
74,6,1556780,1194300,362474,351302,11172,10891,3575,32.8253,1143870,412909,1132698,0.990233155865614,32.5047004112355
74,7,1556780,1190860,365914,356206,9708,10891,3253,29.8687,1143870,412909,1134162,0.991513021584621,29.6152049878046
74,8,1556780,1187380,369392,360509,8883,10891,3025,27.7752,1143870,412909,1134987,0.992234257389389,27.5595049458417
74,9,1556780,1185590,371181,363557,7624,10891,2684,24.6442,1143870,412909,1136246,0.993334906938726,24.4799441135793
74,10,1556780,1183550,373226,366356,6870,10891,2504,22.9915,1143870,412909,1137000,0.993994072753023,22.8534147237011
74,11,1556780,1182670,374107,368353,5754,10891,2163,19.8604,1143870,412909,1138116,0.9949697080962,19.7604963906738
74,12,1556780,1181360,375419,370346,5073,10891,2017,18.5199,1143870,412909,1138797,0.99556505546959,18.4377652707913
74,13,1556780,1180740,376034,371852,4182,10891,1644,15.095,1143870,412909,1139688,0.996343990138739,15.0398125311443
74,14,1556780,1179710,377068,373432,3636,10891,1537,14.1126,1143870,412909,1140234,0.996821317107713,14.0677405198143
75,1,1556780,1266080,290694,268237,22457,10891,6161,56.5696,1143870,412909,1121413,0.980367524281605,55.4589987016007
75,2,1556780,1231760,325018,306778,18240,10891,5192,47.6724,1143870,412909,1125630,0.984054132025492,46.9122222035721
75,3,1556780,1215780,340998,326016,14982,10891,4503,41.3461,1143870,412909,1128888,0.986902357785413,40.8045635752315
75,4,1556780,1205300,351480,338198,13282,10891,4115,37.7835,1143870,412909,1130588,0.988388540655844,37.3447784258701
75,5,1556780,1199060,357714,346325,11389,10891,3705,34.0189,1143870,412909,1132481,0.99004344899333,33.6801890869592
75,6,1556780,1193570,363207,352844,10363,10891,3440,31.5857,1143870,412909,1133507,0.990940404066896,31.2995463207357
75,7,1556780,1190120,366654,357671,8983,10891,3092,28.3904,1143870,412909,1134887,0.992146834867599,28.1674455006251
75,8,1556780,1186750,370028,361855,8173,10891,2861,26.2694,1143870,412909,1135697,0.992854957294098,26.0817040151416
75,9,1556780,1184960,371818,364850,6968,10891,2481,22.7803,1143870,412909,1136902,0.993908398681668,22.641531494488
75,10,1556780,1183050,373726,367518,6208,10891,2294,21.0633,1143870,412909,1137662,0.994572809847273,20.9489854656561
75,11,1556780,1182110,374662,369492,5170,10891,1947,17.8771,1143870,412909,1138700,0.995480255623454,17.796300077806
75,12,1556780,1180850,375926,371420,4506,10891,1803,16.555,1143870,412909,1139364,0.99606074116814,16.4897855700386
75,13,1556780,1180080,376694,372977,3717,10891,1447,13.2862,1143870,412909,1140153,0.996750504865063,13.2430265577382
75,14,1556780,1179040,377736,374548,3188,10891,1338,12.2854,1143870,412909,1140682,0.997212970005333,12.2511602217035
76,1,1556780,1262750,294021,273110,20911,10891,5997,55.0638,1143870,412909,1122959,0.98171907646848,54.0571828828451
76,2,1556780,1229740,327040,310097,16943,10891,5072,46.5706,1143870,412909,1126927,0.985188002133109,45.8807963721402
76,3,1556780,1214480,342293,328468,13825,10891,4368,40.1065,1143870,412909,1130045,0.987913836362524,39.6217662780736
76,4,1556780,1204360,352415,340218,12197,10891,3990,36.6358,1143870,412909,1131673,0.989337075017266,36.2451552129176
76,5,1556780,1198220,358550,348150,10400,10891,3547,32.5682,1143870,412909,1133470,0.990908057733833,32.272091805887
76,6,1556780,1192890,363881,354455,9426,10891,3277,30.0891,1143870,412909,1134444,0.991759553096069,29.8411523690629
76,7,1556780,1189500,367270,359146,8124,10891,2894,26.5724,1143870,412909,1135746,0.992897794329775,26.3836773500485
76,8,1556780,1186320,370452,363144,7308,10891,2648,24.3137,1143870,412909,1136562,0.993611162107582,24.1583637121351
76,9,1556780,1184530,372248,366044,6204,10891,2241,20.5766,1143870,412909,1137666,0.994576306748144,20.4649988334339
76,10,1556780,1182720,374053,368600,5453,10891,2061,18.9239,1143870,412909,1138417,0.995232849886788,18.8336869279726
76,11,1556780,1181670,375106,370573,4533,10891,1681,15.4348,1143870,412909,1139337,0.996037137087256,15.3736340035144
76,12,1556780,1180470,376303,372410,3893,10891,1545,14.186,1143870,412909,1139977,0.996596641226713,14.1377199524422
76,13,1556780,1179560,377217,373977,3240,10891,1250,11.4774,1143870,412909,1140630,0.997167510294002,11.4448903826484
76,14,1556780,1178560,378218,375470,2748,10891,1154,10.5959,1143870,412909,1141122,0.997597629101209,10.5704447181935
77,1,1556780,1259510,297268,277783,19485,10891,5836,53.5855,1143870,412909,1124385,0.982965721629206,52.6727096763618
77,2,1556780,1227570,329206,313330,15876,10891,4956,45.5055,1143870,412909,1127994,0.986120800440609,44.8739200844502
77,3,1556780,1212840,343936,331013,12923,10891,4234,38.8761,1143870,412909,1130947,0.98870238750907,38.4368928870414
77,4,1556780,1203100,353672,342284,11388,10891,3873,35.5615,1143870,412909,1132482,0.990044323218548,35.2074612001364
77,5,1556780,1197240,359538,349865,9673,10891,3408,31.2919,1143870,412909,1134197,0.991543619467247,31.0272837860072
77,6,1556780,1192170,364602,355874,8728,10891,3139,28.822,1143870,412909,1135142,0.992369762298163,28.6020812889577
77,7,1556780,1188920,367854,360372,7482,10891,2758,25.3237,1143870,412909,1136388,0.993459046919667,25.1580588664796
77,8,1556780,1185970,370803,364152,6651,10891,2496,22.918,1143870,412909,1137219,0.994185528075743,22.7847439324399
77,9,1556780,1184180,372592,367001,5591,10891,2083,19.1259,1143870,412909,1138279,0.995112206806718,19.0324165561646
77,10,1556780,1182500,374279,369435,4844,10891,1889,17.3446,1143870,412909,1139026,0.995765253044489,17.2711500079555
77,11,1556780,1181400,375371,371390,3981,10891,1500,13.7728,1143870,412909,1139889,0.996519709407538,13.7248666537281
77,12,1556780,1180220,376559,373191,3368,10891,1380,12.671,1143870,412909,1140502,0.997055609466111,12.6336916275451
77,13,1556780,1179180,377596,374789,2807,10891,1106,10.1552,1143870,412909,1141063,0.997546049813353,10.1302796450646
77,14,1556780,1178130,378647,376275,2372,10891,1028,9.43899,1143870,412909,1141498,0.99792633778314,9.41941672307168
78,1,1556780,1256130,300642,282226,18416,10891,5677,52.1256,1143870,412909,1125454,0.983900268387142,51.2863918298408
78,2,1556780,1225420,331351,316283,15068,10891,4838,44.422,1143870,412909,1128802,0.986827174416673,43.8368367419375
78,3,1556780,1211370,345409,333155,12254,10891,4146,38.0681,1143870,412909,1131616,0.989287244179846,37.6602857401628
78,4,1556780,1202020,354756,343970,10786,10891,3786,34.7626,1143870,412909,1133084,0.990570606799724,34.4348097759361
78,5,1556780,1196360,360420,351287,9133,10891,3304,30.337,1143870,412909,1134737,0.992015701084913,30.094780323813
78,6,1556780,1191460,365318,357097,8221,10891,3030,27.8211,1143870,412909,1135649,0.992812994483639,27.6211496008288
78,7,1556780,1188250,368525,361500,7025,10891,2618,24.0382,1143870,412909,1136845,0.993858567844248,23.8905710255536
78,8,1556780,1185420,371350,365154,6196,10891,2356,21.6325,1143870,412909,1137674,0.994583300549888,21.5153232491454
78,9,1556780,1183590,373189,367990,5199,10891,1944,17.8496,1143870,412909,1138671,0.995454903092135,17.7684718382334
78,10,1556780,1181880,374894,370412,4482,10891,1774,16.2887,1143870,412909,1139388,0.996081722573369,16.2248763544808
78,11,1556780,1180650,376128,372404,3724,10891,1433,13.1577,1143870,412909,1140146,0.996744385288538,13.114863598311
78,12,1556780,1179440,377334,374189,3145,10891,1320,12.1201,1143870,412909,1140725,0.997250561689702,12.0867765327354
78,13,1556780,1178310,378468,375824,2644,10891,1072,9.84299,1143870,412909,1141226,0.997688548523871,9.82023840623497
78,14,1556780,1177280,379498,377278,2220,10891,979,8.98907,1143870,412909,1141650,0.99805922001626,8.97162419287157
79,1,1556780,1252640,304139,286610,17529,10891,5515,50.6381,1143870,412909,1126341,0.98467570615542,49.8621068758688
79,2,1556780,1223180,333591,319205,14386,10891,4729,43.4212,1143870,412909,1129484,0.987423396015281,42.8751087630587
79,3,1556780,1209800,346973,335300,11673,10891,4044,37.1316,1143870,412909,1132197,0.989795169031446,36.752678298408
79,4,1556780,1200760,356014,345754,10260,10891,3702,33.9914,1143870,412909,1133610,0.991030449264339,33.6865124131239
79,5,1556780,1195280,361492,352819,8673,10891,3226,29.6208,1143870,412909,1135197,0.992417844685148,29.3962104938498
79,6,1556780,1190560,366216,358433,7783,10891,2966,27.2335,1143870,412909,1136087,0.993195905129079,27.0482006823328
79,7,1556780,1187440,369339,362707,6632,10891,2562,23.524,1143870,412909,1137238,0.994202138354883,23.3876111026603
79,8,1556780,1184730,372048,366244,5804,10891,2292,21.0449,1143870,412909,1138066,0.994925996835305,20.9381181107993
79,9,1556780,1182920,373856,369015,4841,10891,1898,17.4272,1143870,412909,1139029,0.995767875720143,17.3534459237501
79,10,1556780,1181270,375509,371364,4145,10891,1738,15.9581,1143870,412909,1139725,0.996376336471802,15.9002732150507
79,11,1556780,1180050,376725,373302,3423,10891,1403,12.8822,1143870,412909,1140447,0.997007527079126,12.8436503653387
79,12,1556780,1178830,377948,375075,2873,10891,1277,11.7253,1143870,412909,1140997,0.997488350948971,11.695850161382
79,13,1556780,1177670,379109,376697,2412,10891,1023,9.39308,1143870,412909,1141458,0.997891368774424,9.37327345820766
79,14,1556780,1176590,380184,378170,2014,10891,924,8.48407,1143870,412909,1141856,0.998239310411148,8.46913218627991
80,1,1556780,1249130,307644,290922,16722,10891,5386,49.4537,1143870,412909,1127148,0.985381205906266,48.7307465425267
80,2,1556780,1220960,335818,322090,13728,10891,4625,42.4663,1143870,412909,1130142,0.98799863620866,41.9566464848278
80,3,1556780,1208170,348604,337522,11082,10891,3918,35.9747,1143870,412909,1132788,0.990311836135225,35.6261712114139
80,4,1556780,1199490,357282,347587,9695,10891,3586,32.9263,1143870,412909,1134175,0.991524386512453,32.647229407625
80,5,1556780,1194280,362494,354311,8183,10891,3128,28.721,1143870,412909,1135687,0.992846215041919,28.515536142219
80,6,1556780,1189830,366945,359640,7305,10891,2873,26.3796,1143870,412909,1136565,0.993613784783236,26.2111341970678
80,7,1556780,1186840,369931,363734,6197,10891,2489,22.8537,1143870,412909,1137673,0.99458242632467,22.7298883964961
80,8,1556780,1184230,372541,367161,5380,10891,2235,20.5215,1143870,412909,1138490,0.995296668327695,20.4249805790868
80,9,1556780,1182440,374330,369872,4458,10891,1828,16.7845,1143870,412909,1139412,0.996102703978599,16.7190858349288
80,10,1556780,1180820,375955,372156,3799,10891,1684,15.4623,1143870,412909,1140071,0.996678818397196,15.410946893703
80,11,1556780,1179600,377178,374052,3126,10891,1344,12.3405,1143870,412909,1140744,0.997267171968843,12.3067755356815
80,12,1556780,1178380,378398,375773,2625,10891,1220,11.2019,1143870,412909,1141245,0.997705158803011,11.1761934183954
80,13,1556780,1177150,379629,377401,2228,10891,986,9.05335,1143870,412909,1141642,0.998052226214517,9.0357161221992
80,14,1556780,1176030,380749,378886,1863,10891,894,8.20861,1143870,412909,1142007,0.998371318419051,8.19524078808781
81,1,1556780,1245730,311048,294962,16086,10891,5264,48.3335,1143870,412909,1127784,0.98593721314485,47.6537962915366
81,2,1556780,1218700,338072,324811,13261,10891,4523,41.5297,1143870,412909,1130609,0.98840689938542,41.0482420094067
81,3,1556780,1206510,350267,339578,10689,10891,3804,34.9279,1143870,412909,1133181,0.99065540664586,34.6015129777859
81,4,1556780,1198130,358643,349296,9347,10891,3501,32.1458,1143870,412909,1134523,0.991828616888283,31.8831243527674
81,5,1556780,1193090,363681,355809,7872,10891,3056,28.0599,1143870,412909,1135998,0.993118099084686,27.8667945485064
81,6,1556780,1188790,367988,360994,6994,10891,2797,25.6818,1143870,412909,1136876,0.993885668826003,25.5247729696556
81,7,1556780,1185850,370926,365006,5920,10891,2417,22.1926,1143870,412909,1137950,0.994824586710028,22.077744123021
81,8,1556780,1183310,373463,368357,5106,10891,2160,19.8329,1143870,412909,1138764,0.995536206037399,19.7443700207191
81,9,1556780,1181560,375210,371006,4204,10891,1749,16.0591,1143870,412909,1139666,0.996324757183946,16.0000789080927
81,10,1556780,1179970,376803,373236,3567,10891,1607,14.7553,1143870,412909,1140303,0.996881638647749,14.7092876427391
81,11,1556780,1178760,378020,375098,2922,10891,1275,11.7069,1143870,412909,1140948,0.997445513913294,11.6769948868315
81,12,1556780,1177560,379219,376783,2436,10891,1157,10.6235,1143870,412909,1141434,0.997870387369194,10.6008760602166
81,13,1556780,1176300,380473,378407,2066,10891,956,8.77789,1143870,412909,1141804,0.998193850699817,8.76203582011942
81,14,1556780,1175200,381580,379868,1712,10891,870,7.98825,1143870,412909,1142158,0.998503326426954,7.97629419733012
82,1,1556780,1242400,314379,298876,15503,10891,5131,47.1123,1143870,412909,1128367,0.986446886446887,46.4737816483517
82,2,1556780,1216600,340171,327437,12734,10891,4410,40.4921,1143870,412909,1131136,0.988867616075253,40.0413263968808
82,3,1556780,1204980,351798,341587,10211,10891,3693,33.9087,1143870,412909,1133659,0.991073286300017,33.6060067431614
82,4,1556780,1196920,359853,350946,8907,10891,3390,31.1266,1143870,412909,1134963,0.992213275984159,30.8842257562485
82,5,1556780,1192020,364760,357276,7484,10891,2973,27.2978,1143870,412909,1136386,0.993457298469232,27.1191986421534
82,6,1556780,1187850,368926,362313,6613,10891,2713,24.9105,1143870,412909,1137257,0.994218748634023,24.7664861378478
82,7,1556780,1184990,371781,366221,5560,10891,2318,21.2836,1143870,412909,1138310,0.995139307788472,21.1801469712467
82,8,1556780,1182560,374210,369477,4733,10891,2058,18.8963,1143870,412909,1139137,0.995862292043676,18.8181126291449
82,9,1556780,1180900,375876,372031,3845,10891,1619,14.8655,1143870,412909,1140025,0.996638604037172,14.8155311683146
82,10,1556780,1179370,377402,374194,3208,10891,1483,13.6167,1143870,412909,1140662,0.997195485500975,13.5785117674211
82,11,1556780,1178100,378673,376058,2615,10891,1163,10.6785,1143870,412909,1141255,0.99771390105519,10.6540878924178
82,12,1556780,1176870,379905,377742,2163,10891,1069,9.81544,1143870,412909,1141707,0.998109050853681,9.79687950211125
82,13,1556780,1175560,381220,379396,1824,10891,888,8.15352,1143870,412909,1142046,0.998405413202549,8.14051850465525
82,14,1556780,1174460,382310,380845,1465,10891,801,7.3547,1143870,412909,1142405,0.998719260055776,7.34528054193221
83,1,1556780,1239210,317562,302562,15000,10891,5025,46.139,1143870,412909,1128870,0.98688662173149,45.5339618400692
83,2,1556780,1214620,342151,329828,12323,10891,4334,39.7943,1143870,412909,1131547,0.98922692263981,39.3655929276054
83,3,1556780,1203470,353308,343425,9883,10891,3630,33.3303,1143870,412909,1133987,0.991360032171488,33.0423272802853
83,4,1556780,1195680,361091,352473,8618,10891,3342,30.6859,1143870,412909,1135252,0.992465927072132,30.4547101915427
83,5,1556780,1190880,365893,358647,7246,10891,2928,26.8846,1143870,412909,1136624,0.993665364071092,26.7142958469057
83,6,1556780,1186830,369948,363564,6384,10891,2669,24.5065,1143870,412909,1137486,0.994418946208922,24.369727905269
83,7,1556780,1184030,372742,367394,5348,10891,2262,20.7694,1143870,412909,1138522,0.995324643534667,20.6722956514289
83,8,1556780,1181660,375115,370577,4538,10891,2006,18.4189,1143870,412909,1139332,0.996032765961167,18.3458279129621
83,9,1556780,1180010,376764,373082,3682,10891,1571,14.4248,1143870,412909,1140188,0.99678110274769,14.3783680509149
83,10,1556780,1178490,378285,375225,3060,10891,1438,13.2036,1143870,412909,1140810,0.997324870833224,13.1682786645336
83,11,1556780,1177180,379595,377091,2504,10891,1127,10.348,1143870,412909,1141366,0.997810940054377,10.3253476076827
83,12,1556780,1175900,380877,378811,2066,10891,1034,9.49408,1143870,412909,1141804,0.998193850699817,9.47693227405212
83,13,1556780,1174530,382249,380509,1740,10891,869,7.97907,1143870,412909,1142130,0.998478848120853,7.96693262267565
83,14,1556780,1173390,383388,382001,1387,10891,784,7.1986,1143870,412909,1142483,0.998787449622772,7.18987133485449
84,1,1556780,1236190,320581,306047,14534,10891,4926,45.23,1143870,412909,1129336,0.987294010683032,44.6553081031935
84,2,1556780,1212660,344115,332176,11939,10891,4251,39.0322,1143870,412909,1131931,0.989562625123484,38.6248062963449
84,3,1556780,1202010,354763,345200,9563,10891,3565,32.7334,1143870,412909,1134307,0.991639784241216,32.4597417134814
84,4,1556780,1194480,362296,353977,8319,10891,3276,30.0799,1143870,412909,1135551,0.992727320412285,29.8611385252695
84,5,1556780,1189800,366974,360008,6966,10891,2866,26.3153,1143870,412909,1136904,0.993910147132104,26.1550436948255
84,6,1556780,1185870,370903,364814,6089,10891,2594,23.8178,1143870,412909,1137781,0.994676842648203,23.6910141028264
84,7,1556780,1183160,373613,368558,5055,10891,2162,19.8513,1143870,412909,1138815,0.995580791523512,19.7635729667707
84,8,1556780,1180830,375949,371701,4248,10891,1898,17.4272,1143870,412909,1139622,0.996286291274358,17.3624804552965
84,9,1556780,1179200,377575,374170,3405,10891,1462,13.4239,1143870,412909,1140465,0.997023263133048,13.3839405819717
84,10,1556780,1177650,379129,376313,2816,10891,1340,12.3037,1143870,412909,1141054,0.997538181786392,12.2734105272452
84,11,1556780,1176290,380488,378199,2289,10891,1047,9.61344,1143870,412909,1141581,0.997998898476225,9.59420253056729
84,12,1556780,1174990,381787,379906,1881,10891,980,8.99826,1143870,412909,1141989,0.998355582365129,8.98346310257285
84,13,1556780,1173630,383147,381577,1570,10891,824,7.56588,1143870,412909,1142300,0.998627466407896,7.55549557554617
84,14,1556780,1172490,384281,383049,1232,10891,740,6.7946,1143870,412909,1142638,0.998922954531546,6.78728190686005
85,1,1556780,1233180,323599,309521,14078,10891,4805,44.119,1143870,412909,1129792,0.987692657382395,43.5760123510539
85,2,1556780,1210640,346139,334576,11563,10891,4160,38.1967,1143870,412909,1132307,0.989891333805415,37.8105823099653
85,3,1556780,1200440,356331,347096,9235,10891,3497,32.1091,1143870,412909,1134635,0.991926530112688,31.8498681480413
85,4,1556780,1193160,363617,355599,8018,10891,3214,29.5106,1143870,412909,1135852,0.992990462202873,29.3037443338841
85,5,1556780,1188650,368126,361440,6686,10891,2800,25.7093,1143870,412909,1137184,0.994154930193116,25.5590273468139
85,6,1556780,1184790,371982,366163,5819,10891,2528,23.2118,1143870,412909,1138051,0.994912883457036,23.093718868228
85,7,1556780,1182160,374619,369828,4791,10891,2078,19.08,1143870,412909,1139079,0.995811586981038,19.0000850795982
85,8,1556780,1179880,376899,372909,3990,10891,1824,16.7478,1143870,412909,1139880,0.996511841380576,16.6893810170736
85,9,1556780,1178270,378502,375339,3163,10891,1390,12.7628,1143870,412909,1140707,0.99723482563578,12.7275086326243
85,10,1556780,1176740,380032,377458,2574,10891,1269,11.6518,1143870,412909,1141296,0.997749744289124,11.625580470508
85,11,1556780,1175360,381420,379345,2075,10891,1003,9.20944,1143870,412909,1141795,0.998185982672856,9.19273391626671
85,12,1556780,1174060,382714,381046,1668,10891,936,8.59425,1143870,412909,1142202,0.998541792336542,8.58171779878832
85,13,1556780,1172690,384081,382711,1370,10891,784,7.1986,1143870,412909,1142500,0.998802311451476,7.1899783192146
85,14,1556780,1171590,385189,384170,1019,10891,683,6.27123,1143870,412909,1142851,0.999109164502959,6.26564336570589
86,1,1556780,1230290,326485,312815,13670,10891,4711,43.2559,1143870,412909,1130200,0.988049341271298,42.7389635010971
86,2,1556780,1208850,347929,336785,11144,10891,4071,37.3795,1143870,412909,1132726,0.990257634171715,37.0153352365216
86,3,1556780,1199140,357637,348826,8811,10891,3421,31.4113,1143870,412909,1135059,0.992297201605077,31.1693450887776
86,4,1556780,1192170,364601,357022,7579,10891,3116,28.6108,1143870,412909,1136291,0.993374247073531,28.4212319081714
86,5,1556780,1187810,368968,362714,6254,10891,2710,24.8829,1143870,412909,1137616,0.994532595487249,24.7468551202497
86,6,1556780,1184090,372689,367321,5368,10891,2428,22.2936,1143870,412909,1138502,0.995307159030309,22.1889796805581
86,7,1556780,1181540,375238,370892,4346,10891,1956,17.9598,1143870,412909,1139524,0.996200617203004,17.8915638448425
86,8,1556780,1179330,377448,373889,3559,10891,1712,15.7194,1143870,412909,1140311,0.996888632449492,15.6704911689265
86,9,1556780,1177760,379013,376249,2764,10891,1289,11.8355,1143870,412909,1141106,0.997583641497723,11.8069011889463
86,10,1556780,1176270,380502,378294,2208,10891,1168,10.7245,1143870,412909,1141662,0.998069710718875,10.7037986126046
86,11,1556780,1174890,381888,380124,1764,10891,947,8.69525,1143870,412909,1142106,0.998457866715623,8.68184076555902
86,12,1556780,1173610,383162,381763,1399,10891,879,8.07088,1143870,412909,1142471,0.998776958920157,8.06100898220952
86,13,1556780,1172230,384545,383394,1151,10891,748,6.86806,1143870,412909,1142719,0.998993766774196,6.86114912983119
86,14,1556780,1171110,385668,384826,842,10891,644,5.91314,1143870,412909,1143028,0.999263902366528,5.90878735163961
87,1,1556780,1227570,329204,315978,13226,10891,4597,42.2092,1143870,412909,1130644,0.988437497268046,41.7211560096864
87,2,1556780,1207180,349590,338892,10698,10891,3983,36.5715,1143870,412909,1133172,0.990647538618899,36.2294664586011
87,3,1556780,1197880,358893,350454,8439,10891,3366,30.9063,1143870,412909,1135431,0.992622413386136,30.678286094836
87,4,1556780,1191140,365637,358408,7229,10891,3054,28.0415,1143870,412909,1136641,0.993680225899796,27.8642840545691
87,5,1556780,1186930,369846,363930,5916,10891,2662,24.4422,1143870,412909,1137954,0.9948280836109,24.3157869852343
87,6,1556780,1183380,373397,368379,5018,10891,2365,21.7152,1143870,412909,1138852,0.995613137856575,21.6199384111831
87,7,1556780,1180900,375880,371874,4006,10891,1892,17.3721,1143870,412909,1139864,0.99649785377709,17.311260365601
87,8,1556780,1178760,378010,374783,3227,10891,1645,15.1042,1143870,412909,1140643,0.997178875221835,15.0615891671256
87,9,1556780,1177240,379539,377089,2450,10891,1237,11.358,1143870,412909,1141420,0.997858148216143,11.333672847439
87,10,1556780,1175750,381021,379101,1920,10891,1111,10.2011,1143870,412909,1141950,0.998321487581631,10.183977326969
87,11,1556780,1174360,382420,380909,1511,10891,914,8.39225,1143870,412909,1142359,0.998679045695752,8.38116422124018
87,12,1556780,1173050,383726,382548,1178,10891,832,7.63934,1143870,412909,1142692,0.998970162693313,7.63147272266953
87,13,1556780,1171640,385130,384176,954,10891,711,6.52833,1143870,412909,1142916,0.999165989142123,6.5228853018962
87,14,1556780,1170450,386323,385631,692,10891,594,5.45404,1143870,412909,1143178,0.999395036149213,5.45074050295925
88,1,1556780,1225090,331683,318888,12795,10891,4496,41.2818,1143870,412909,1131075,0.988814288336961,40.8200336882688
88,2,1556780,1205660,351110,340783,10327,10891,3906,35.8645,1143870,412909,1133543,0.99097187617474,35.540710853069
88,3,1556780,1196670,360107,351989,8118,10891,3309,30.3829,1143870,412909,1135752,0.992903039681083,30.1672737643264
88,4,1556780,1190140,366635,359712,6923,10891,3001,27.5549,1143870,412909,1136947,0.993947738816474,27.3881305483141
88,5,1556780,1186080,370690,365064,5626,10891,2613,23.9923,1143870,412909,1138244,0.995081608924091,23.8742964857895
88,6,1556780,1182640,374139,369409,4730,10891,2297,21.0908,1143870,412909,1139140,0.99586491471933,21.0035877433624
88,7,1556780,1180200,376573,372840,3733,10891,1828,16.7845,1143870,412909,1140137,0.996736517261577,16.7297240739769
88,8,1556780,1178100,378677,375703,2974,10891,1578,14.489,1143870,412909,1140896,0.997400054201964,14.4513293853323
88,9,1556780,1176560,380219,378001,2218,10891,1186,10.8897,1143870,412909,1141652,0.998060968466696,10.8685845283118
88,10,1556780,1175000,381771,380051,1720,10891,1047,9.61344,1143870,412909,1142150,0.998496332625211,9.59898458391251
88,11,1556780,1173510,383264,381919,1345,10891,868,7.96988,1143870,412909,1142525,0.998824167081924,7.96050875274288
88,12,1556780,1172160,384618,383583,1035,10891,761,6.98742,1143870,412909,1142835,0.999095176899473,6.98109762097092
88,13,1556780,1170720,386054,385226,828,10891,639,5.86723,1143870,412909,1143042,0.999276141519578,5.86298295580792
88,14,1556780,1169490,387285,386691,594,10891,511,4.69195,1143870,412909,1143276,0.999480710220567,4.68951351831939
89,1,1556780,1222760,334013,321662,12351,10891,4387,40.281,1143870,412909,1131519,0.989202444333709,39.8460636602061
89,2,1556780,1204240,352530,342643,9887,10891,3812,35.0014,1143870,412909,1133983,0.991356535270616,34.698866633621
89,3,1556780,1195590,361184,353478,7706,10891,3232,29.6759,1143870,412909,1136164,0.993263220470858,29.4759800043711
89,4,1556780,1189220,367552,361004,6548,10891,2935,26.9489,1143870,412909,1137322,0.994275573273187,26.7946329965818
89,5,1556780,1185270,371509,366209,5300,10891,2549,23.4046,1143870,412909,1138570,0.995366606345127,23.2961572748651
89,6,1556780,1181890,374886,370452,4434,10891,2228,20.4573,1143870,412909,1139436,0.996123685383829,20.3780010690026
89,7,1556780,1179490,377281,373806,3475,10891,1753,16.0959,1143870,412909,1140395,0.996962067367795,16.0470017401453
89,8,1556780,1177440,379330,376565,2765,10891,1514,13.9014,1143870,412909,1141105,0.997582767272505,13.867797080962
89,9,1556780,1175930,380845,378797,2048,10891,1141,10.4765,1143870,412909,1141822,0.998209586753739,10.4577427356256
89,10,1556780,1174400,382372,380793,1579,10891,1003,9.20944,1143870,412909,1142291,0.998619598380935,9.19672727411332
89,11,1556780,1172920,383851,382618,1233,10891,841,7.72197,1143870,412909,1142637,0.998922080306329,7.71364633646306
89,12,1556780,1171580,385196,384258,938,10891,727,6.67524,1143870,412909,1142932,0.999179976745609,6.66976614797136
89,13,1556780,1170150,386622,385884,738,10891,593,5.44486,1143870,412909,1143132,0.999354821789189,5.44134709496709
89,14,1556780,1168920,387860,387330,530,10891,473,4.34304,1143870,412909,1143340,0.999536660634513,4.34102769860211
90,1,1556780,1220540,336235,324323,11912,10891,4287,39.3628,1143870,412909,1131958,0.989586229204368,38.9528848229257
90,2,1556780,1202840,353939,344428,9511,10891,3745,34.3862,1143870,412909,1134359,0.991685243952547,34.1002871356011
90,3,1556780,1194450,362324,354950,7374,10891,3183,29.226,1143870,412909,1136496,0.993553463243201,29.0375935167458
90,4,1556780,1188250,368523,362288,6235,10891,2880,26.4439,1143870,412909,1137635,0.99454920576639,26.2997597423658
90,5,1556780,1184350,372427,367419,5008,10891,2499,22.9456,1143870,412909,1138862,0.995621880108754,22.8451414122234
90,6,1556780,1181050,375724,371575,4149,10891,2136,19.6125,1143870,412909,1139721,0.99637283957093,19.5413623160849
90,7,1556780,1178750,378025,374832,3193,10891,1662,15.2603,1143870,412909,1140677,0.997208598879243,15.2177023814769
90,8,1556780,1176750,380027,377518,2509,10891,1398,12.8363,1143870,412909,1141361,0.997806568928287,12.8081444607342
90,9,1556780,1175260,381514,379695,1819,10891,1047,9.61344,1143870,412909,1142051,0.998409784328639,9.59815255705631
90,10,1556780,1173760,383015,381639,1376,10891,891,8.18107,1143870,412909,1142494,0.998797066100169,8.17122871356011
90,11,1556780,1172280,384491,383421,1070,10891,739,6.78542,1143870,412909,1142800,0.999064579016846,6.77907277575249
90,12,1556780,1170930,385842,385042,800,10891,619,5.68359,1143870,412909,1143070,0.99930061982568,5.67961500983503
90,13,1556780,1169480,387296,386654,642,10891,511,4.69195,1143870,412909,1143228,0.999438747410108,4.68931663091086
90,14,1556780,1168230,388548,388089,459,10891,419,3.84721,1143870,412909,1143411,0.999598730624984,3.84566623244774
91,1,1556780,1218410,338361,326862,11499,10891,4198,38.5456,1143870,412909,1132371,0.989947284219361,38.1581120386058
91,2,1556780,1201390,355383,346242,9141,10891,3686,33.8445,1143870,412909,1134729,0.99200870728317,33.5740386936452
91,3,1556780,1193290,363488,356437,7051,10891,3137,28.8036,1143870,412909,1136819,0.993835837988583,28.6260499430879
91,4,1556780,1187280,369492,363551,5941,10891,2821,25.9021,1143870,412909,1137929,0.994806227980452,25.7675703977725
91,5,1556780,1183560,373219,368495,4724,10891,2440,22.4038,1143870,412909,1139146,0.995870160070637,22.3112758921905
91,6,1556780,1180390,376381,372520,3861,10891,2071,19.0157,1143870,412909,1140009,0.996624616433686,18.951514718718
91,7,1556780,1178240,378538,375638,2900,10891,1596,14.6543,1143870,412909,1140970,0.997464746868088,14.617147640029
91,8,1556780,1176340,380438,378234,2204,10891,1328,12.1936,1143870,412909,1141666,0.998073207619747,12.1701054644321
91,9,1556780,1174880,381898,380348,1550,10891,999,9.17271,1143870,412909,1142320,0.998644950912254,9.16028052768234
91,10,1556780,1173360,383415,382259,1156,10891,843,7.74034,1143870,412909,1142714,0.998989395648107,7.73251757871087
91,11,1556780,1171870,384903,384015,888,10891,689,6.32632,1143870,412909,1142982,0.999223688006504,6.32140880190931
91,12,1556780,1170500,386280,385614,666,10891,559,5.13268,1143870,412909,1143204,0.999417766004878,5.12969157921792
91,13,1556780,1169060,387719,387192,527,10891,435,3.99412,1143870,412909,1143343,0.999539283310166,3.9922798422548
91,14,1556780,1167810,388965,388586,379,10891,349,3.20448,1143870,412909,1143491,0.999668668642416,3.20341825529125
92,1,1556780,1216440,340334,329246,11088,10891,4121,37.8386,1143870,412909,1132782,0.990306590783918,37.4718149660364
92,2,1556780,1200000,356770,347992,8778,10891,3626,33.2935,1143870,412909,1135092,0.992326051037268,33.0380073802093
92,3,1556780,1192140,364633,357906,6727,10891,3083,28.3078,1143870,412909,1137143,0.994119086959182,28.1413242898231
92,4,1556780,1186350,370422,364810,5612,10891,2735,25.1125,1143870,412909,1138258,0.995093848077142,24.9892942598372
92,5,1556780,1182820,373953,369559,4394,10891,2347,21.5499,1143870,412909,1139476,0.996158654392545,21.4671193862939
92,6,1556780,1179800,376974,373439,3535,10891,1938,17.7945,1143870,412909,1140335,0.996909613854721,17.7395081237378
92,7,1556780,1177750,379022,376445,2577,10891,1462,13.4239,1143870,412909,1141293,0.99774712161347,13.3936575858271
92,8,1556780,1175910,380867,378952,1915,10891,1192,10.9448,1143870,412909,1141955,0.99832585870772,10.9264768583843
92,9,1556780,1174470,382307,380999,1308,10891,876,8.04334,1143870,412909,1142562,0.998856513414986,8.03414254861129
92,10,1556780,1172940,383839,382886,953,10891,717,6.58342,1143870,412909,1142917,0.999166863367341,6.57793511162982
92,11,1556780,1171430,385344,384632,712,10891,556,5.10513,1143870,412909,1143158,0.999377551644855,5.1019523202287
92,12,1556780,1170040,386734,386224,510,10891,435,3.99412,1143870,412909,1143360,0.999554145138871,3.99233920218207
92,13,1556780,1168600,388172,387789,383,10891,310,2.84639,1143870,412909,1143487,0.999665171741544,2.84543694819341
92,14,1556780,1167320,389451,389196,255,10891,244,2.24038,1143870,412909,1143615,0.999777072569435,2.23988055784311
93,1,1556780,1214480,342294,331575,10719,10891,4053,37.2142,1143870,412909,1133151,0.990629179889323,36.8654724262372
93,2,1556780,1198660,358114,349648,8466,10891,3581,32.8804,1143870,412909,1135404,0.992598809305253,32.6370458894804
93,3,1556780,1191160,365610,359166,6444,10891,3049,27.9956,1143870,412909,1137426,0.994366492695848,27.8378865829159
93,4,1556780,1185660,371118,365786,5332,10891,2697,24.7636,1143870,412909,1138538,0.995338631138154,24.6481677260528
93,5,1556780,1182270,374507,370376,4131,10891,2304,21.1551,1143870,412909,1139739,0.996388575624852,21.0786999562013
93,6,1556780,1179340,377436,374160,3276,10891,1890,17.3538,1143870,412909,1140594,0.997136038186157,17.3040993794749
93,7,1556780,1177280,379492,377144,2348,10891,1419,13.0291,1143870,412909,1141522,0.997947319188369,13.0023554164372
93,8,1556780,1175390,381386,379649,1737,10891,1152,10.5775,1143870,412909,1142133,0.998481470796507,10.5614377573501
93,9,1556780,1173860,382918,381725,1193,10891,845,7.7587,1143870,412909,1142677,0.998957049315045,7.75060805852064
93,10,1556780,1172230,384544,383665,879,10891,686,6.29878,1143870,412909,1142991,0.999231556033465,6.29393974051247
93,11,1556780,1170650,386122,385467,655,10891,530,4.8664,1143870,412909,1143215,0.999427382482275,4.86361341411174
93,12,1556780,1169180,387592,387120,472,10891,406,3.72785,1143870,412909,1143398,0.999587365697151,3.72631176121412
93,13,1556780,1167670,389105,388745,360,10891,292,2.68111,1143870,412909,1143510,0.999685278921556,2.68026619816937
93,14,1556780,1166340,390433,390188,245,10891,234,2.14856,1143870,412909,1143625,0.999785814821614,2.14809981029313
94,1,1556780,1212720,344053,333716,10337,10891,3986,36.599,1143870,412909,1133533,0.990963133922561,36.2682597384318
94,2,1556780,1197540,359238,351119,8119,10891,3521,32.3294,1143870,412909,1135751,0.992902165455865,32.0999312678888
94,3,1556780,1190260,366518,360394,6124,10891,2999,27.5365,1143870,412909,1137746,0.994646244765577,27.3890763189873
94,4,1556780,1184960,371814,366802,5012,10891,2617,24.029,1143870,412909,1138858,0.995618383207882,23.9237141301022
94,5,1556780,1181650,375126,371289,3837,10891,2220,20.3838,1143870,412909,1140033,0.996645597838915,20.3154245372289
94,6,1556780,1178770,378006,375001,3005,10891,1807,16.5917,1143870,412909,1140865,0.997372953220209,16.5481128279437
94,7,1556780,1176720,380057,377926,2131,10891,1344,12.3405,1143870,412909,1141739,0.998137026060654,12.3175099701015
94,8,1556780,1174820,381956,380396,1560,10891,1070,9.82463,1143870,412909,1142310,0.998636208660075,9.81123125468803
94,9,1556780,1173240,383532,382477,1055,10891,765,7.02415,1143870,412909,1142815,0.999077692395115,7.01767157303715
94,10,1556780,1171560,385215,384436,779,10891,600,5.50914,1143870,412909,1143091,0.999318978555255,5.5053881575179
94,11,1556780,1169940,386834,386255,579,10891,454,4.16858,1143870,412909,1143291,0.999493823598836,4.16646996317763
94,12,1556780,1168440,388333,387913,420,10891,355,3.25957,1143870,412909,1143450,0.999632825408482,3.25837316871672
94,13,1556780,1166910,389869,389549,320,10891,252,2.31384,1143870,412909,1143550,0.999720247930272,2.31319269847098
94,14,1556780,1165560,391220,391003,217,10891,216,1.98329,1143870,412909,1143653,0.999810293127715,1.98291375625727
95,1,1556780,1211010,345761,335745,10016,10891,3930,36.0848,1143870,412909,1133854,0.991243760217507,35.7688328386967
95,2,1556780,1196250,360525,352688,7837,10891,3464,31.8061,1143870,412909,1136033,0.993148696967313,31.588186770612
95,3,1556780,1189210,367563,361680,5883,10891,2939,26.9856,1143870,412909,1137987,0.994856933043091,26.8468112523276
95,4,1556780,1184090,372681,367898,4783,10891,2543,23.3496,1143870,412909,1139087,0.995818580782781,23.2519655338456
95,5,1556780,1180900,375877,372253,3624,10891,2146,19.7043,1143870,412909,1140246,0.996831807810328,19.641872990637
95,6,1556780,1178110,378661,375853,2808,10891,1711,15.7102,1143870,412909,1141062,0.997545175588135,15.6716342175247
95,7,1556780,1176090,380687,378720,1967,10891,1264,11.6059,1143870,412909,1141903,0.998280398996389,11.5859424827122
95,8,1556780,1174140,382632,381182,1450,10891,1004,9.21862,1143870,412909,1142420,0.998732373434044,9.20693423238655
95,9,1556780,1172540,384232,383254,978,10891,719,6.60178,1143870,412909,1142892,0.999145007736893,6.59613552917727
95,10,1556780,1170840,385939,385210,729,10891,565,5.18777,1143870,412909,1143141,0.99936268981615,5.18446378134753
95,11,1556780,1169180,387599,387047,552,10891,427,3.92067,1143870,412909,1143318,0.999517427679719,3.91877799318104
95,12,1556780,1167650,389126,388729,397,10891,339,3.11266,1143870,412909,1143473,0.999652932588493,3.1115796971509
95,13,1556780,1166080,390693,390384,309,10891,240,2.20365,1143870,412909,1143561,0.999729864407669,2.20305471570196
95,14,1556780,1164740,392032,391826,206,10891,207,1.90065,1143870,412909,1143664,0.999819909605112,1.90030771119096
96,1,1556780,1209440,347335,337662,9673,10891,3884,35.6625,1143870,412909,1134197,0.991543619467247,35.3609243292507
96,2,1556780,1195170,361602,354081,7521,10891,3392,31.145,1143870,412909,1136349,0.993424952136169,30.940220134281
96,3,1556780,1188370,368401,362790,5611,10891,2877,26.4163,1143870,412909,1138259,0.99509472230236,26.2867207127558
96,4,1556780,1183450,373323,368796,4527,10891,2463,22.615,1143870,412909,1139343,0.996042382438564,22.5254984788481
96,5,1556780,1180320,376457,373067,3390,10891,2062,18.9331,1143870,412909,1140480,0.997036376511317,18.8769894201264
96,6,1556780,1177600,379175,376585,2590,10891,1622,14.893,1143870,412909,1141280,0.997735756685637,14.8592786243192
96,7,1556780,1175560,381212,379417,1795,10891,1197,10.9907,1143870,412909,1142075,0.998430765733868,10.9734530169512
96,8,1556780,1173580,383194,381864,1330,10891,932,8.55752,1143870,412909,1142540,0.998837280460192,8.5475700042837
96,9,1556780,1171940,384832,383932,900,10891,672,6.17023,1143870,412909,1142970,0.999213197303889,6.16537524640038
96,10,1556780,1170230,386544,385880,664,10891,522,4.79295,1143870,412909,1143206,0.999419514455314,4.7901677618086
96,11,1556780,1168540,388234,387728,506,10891,399,3.66358,1143870,412909,1143364,0.999557642039742,3.66195938622396
96,12,1556780,1166990,389789,389424,365,10891,318,2.91984,1143870,412909,1143505,0.999680907795466,2.91890830181751
96,13,1556780,1165380,391394,391102,292,10891,233,2.13938,1143870,412909,1143578,0.999744726236373,2.13883387241557
96,14,1556780,1164020,392757,392566,191,10891,202,1.85474,1143870,412909,1143679,0.999833022983381,1.8544303010482
97,1,1556780,1207960,348811,339456,9355,10891,3831,35.1758,1143870,412909,1134515,0.99182162308654,34.8881190493675
97,2,1556780,1194140,362634,355382,7252,10891,3324,30.5206,1143870,412909,1136618,0.993660118719784,30.3271030193991
97,3,1556780,1187550,369229,363843,5386,10891,2811,25.8103,1143870,412909,1138484,0.995291422976387,25.6887702144474
97,4,1556780,1182780,373998,369693,4305,10891,2365,21.7152,1143870,412909,1139565,0.996236460436938,21.6334739856802
97,5,1556780,1179690,377088,373904,3184,10891,1964,18.0332,1143870,412909,1140686,0.997216466906204,17.983003991013
97,6,1556780,1177010,379763,377367,2396,10891,1503,13.8004,1143870,412909,1141474,0.99790535637791,13.7714930801577
97,7,1556780,1174990,381785,380152,1633,10891,1094,10.045,1143870,412909,1142237,0.998572390219168,10.0306596597515
97,8,1556780,1172970,383802,382587,1215,10891,841,7.72197,1143870,412909,1142655,0.998937816360251,7.71376784979937
97,9,1556780,1171300,385471,384654,817,10891,610,5.60095,1143870,412909,1143053,0.999285757996975,5.59694956625316
97,10,1556780,1169590,387181,386595,586,10891,471,4.32467,1143870,412909,1143284,0.99948770402231,4.32245448895417
97,11,1556780,1167930,388849,388422,427,10891,356,3.26875,1143870,412909,1143443,0.999626705831956,3.26752979468821
97,12,1556780,1166380,390399,390099,300,10891,279,2.56175,1143870,412909,1143570,0.99973773243463,2.56107813606441
97,13,1556780,1164810,391962,391734,228,10891,211,1.93738,1143870,412909,1143642,0.999800676650319,1.93699383492879
97,14,1556780,1163460,393311,393165,146,10891,178,1.63438,1143870,412909,1143724,0.999872363118186,1.6341713928331
98,1,1556780,1206560,350212,341145,9067,10891,3782,34.7259,1143870,412909,1134803,0.992073399949295,34.4506416792992
98,2,1556780,1193280,363491,356497,6994,10891,3261,29.9422,1143870,412909,1136876,0.993885668826003,29.7591234731219
98,3,1556780,1186920,369855,364697,5158,10891,2761,25.3512,1143870,412909,1138712,0.995490746326068,25.2368850082614
98,4,1556780,1182270,374504,370401,4103,10891,2303,21.1459,1143870,412909,1139767,0.996413053930954,21.0700507971186
98,5,1556780,1179190,377581,374560,3021,10891,1897,17.4181,1143870,412909,1140849,0.997358965616722,17.3720981990086
98,6,1556780,1176540,380235,377987,2248,10891,1429,13.1209,1143870,412909,1141622,0.998034741710159,13.0951140425048
98,7,1556780,1174500,382272,380751,1521,10891,1038,9.53081,1143870,412909,1142349,0.998670303443573,9.51813691476304
98,8,1556780,1172490,384284,383160,1124,10891,789,7.24451,1143870,412909,1142746,0.99901737085508,7.23739133333333
98,9,1556780,1170780,385990,385230,760,10891,573,5.26122,1143870,412909,1143110,0.999335588834395,5.2577243866873
98,10,1556780,1169090,387685,387154,531,10891,435,3.99412,1143870,412909,1143339,0.999535786409295,3.99226587521309
98,11,1556780,1167400,389375,388985,390,10891,323,2.96575,1143870,412909,1143480,0.999659052165019,2.9647388339584
98,12,1556780,1165850,390928,390659,269,10891,253,2.32302,1143870,412909,1143601,0.999764833416385,2.32247370332293
98,13,1556780,1164260,392514,392304,210,10891,198,1.81801,1143870,412909,1143660,0.999816412704241,1.81767623646044
98,14,1556780,1162900,393878,393745,133,10891,172,1.57929,1143870,412909,1143737,0.999883728046019,1.5791063728658
99,1,1556780,1205300,351479,342700,8779,10891,3729,34.2393,1143870,412909,1135091,0.99232517681205,33.9765194264208
99,2,1556780,1192460,364311,357570,6741,10891,3190,29.2902,1143870,412909,1137129,0.994106847806132,29.1175883936112
99,3,1556780,1186230,370545,365605,4940,10891,2692,24.7177,1143870,412909,1138930,0.995681327423571,24.6109523468576
99,4,1556780,1181660,375116,371238,3878,10891,2204,20.2369,1143870,412909,1139992,0.996609754604981,20.1682919429655
99,5,1556780,1178600,378180,375353,2827,10891,1806,16.5825,1143870,412909,1141043,0.997528565308995,16.5415174342364
99,6,1556780,1175980,380796,378704,2092,10891,1347,12.368,1143870,412909,1141778,0.998171120844152,12.3453804226005
99,7,1556780,1173930,382848,381417,1431,10891,987,9.06253,1143870,412909,1142439,0.998748983713184,9.05119262737024
99,8,1556780,1171940,384835,383775,1060,10891,746,6.84969,1143870,412909,1142810,0.999073321269025,6.84334253796323
99,9,1556780,1170240,386533,385808,725,10891,545,5.00413,1143870,412909,1143145,0.999366186717022,5.00095831593625
99,10,1556780,1168580,388200,387703,497,10891,410,3.76458,1143870,412909,1143373,0.999565510066703,3.76294432788691
99,11,1556780,1166880,389890,389521,369,10891,308,2.82802,1143870,412909,1143501,0.999677410894595,2.82710771155813
99,12,1556780,1165350,391429,391173,256,10891,246,2.25875,1143870,412909,1143614,0.999776198344217,2.25824448801
99,13,1556780,1163780,392991,392792,199,10891,192,1.76292,1143870,412909,1143671,0.999826029181638,1.76261330336489
99,14,1556780,1162450,394327,394203,124,10891,168,1.54256,1143870,412909,1143746,0.99989159607298,1.54239278043834
